Defender G-lens 2597 HD720p,1.jpg,
Genius ECam 8000,2.jpg
Hercules Dualpix Emotion,3.jpg
Genius WideCam F100,4.jpg
Microsoft LifeCam Cinema,5.jpg
Trust GXT 786 Reyno Streaming Pack,6.jpg
Logitech HD Webcam C525,7.jpg
Logitech HD Webcam C615,8.jpg
Trust GXT 1170 Xper Streaming Cam,9.jpg
Microsoft LifeCam Studio,10.jpg
Microsoft 5WH-00002,11.jpg
Canyon CNS-CWC6,12.jpg
Logitech HD Pro Webcam C920,13.jpg
Logitech HD Webcam C930e,14.jpg
Logitech C922 Pro Stream,15.jpg
Logitech QuickCam Sphere AF,16.jpg
Logitech ConferenceCam Rally,17.jpg
Logitech WebCam C925e,18.jpg
Razer Kiyo,19.jpg
CleverMic WebCam B2,20.jpg
Logitech BCC950,21.jpg
Logitech Brio Stream Edition,22.jpg
Logitech Brio,23.jpg
Logitech ConferenceCam Connect,24.jpg
Logitech PTZ Pro 2,25.jpg
Logitech MeetUp,26.jpg
Logitech GROUP,27.jpg
Microsoft LifeCam HD-3000,28.jpg
Hercules Dualpix Infinite,29.jpg
SVEN IC-990,30.jpg